Pais,Produto,Valor_2024,Valor_2026
Alemanha,Adubos (fertilizantes),615036,643258.0
Alemanha,"Aeronaves e aparelhos espaciais, e suas partes",11522343,10981200.0
Alemanha,Algodão,1997949,2864268.0
Alemanha,Alumínio e suas obras,9805266,21110402.0
Alemanha,Animais vivos,2083,1955.0
Alemanha,Armas e munições; suas partes e acessórios,9001195,10756178.0
Alemanha,Artigos de relojoaria,9213,9213.0
Alemanha,Açúcares e produtos de confeitaria,2122740,2385727.0
Alemanha,"Bebidas, líquidos alcoólicos e vinagres",1950051,1995710.0
Alemanha,Borracha e suas obras,16386236,20987952.0
Alemanha,"Brinquedos, jogos, artigos para divertimento ou para esporte; suas partes e acessórios",81599,110641.0
Alemanha,Cacau e suas preparações,113223,603725.0
Alemanha,"Café, chá, mate e especiarias",1835821662,1730606341.0
Alemanha,"Calçados, polainas e artefatos semelhantes; suas partes",64892200,64929874.0
Alemanha,"Carnes e miudezas, comestíveis",92778856,120471867.0
Alemanha,Cereais,435888,5996959.0
Alemanha,"Chapéus e artefatos de uso semelhante, e suas partes",3390,2578.0
Alemanha,Cobre e suas obras,7086466,15953196.0
Alemanha,"Combustíveis minerais, óleos minerais e produtos da sua destilação; matérias betuminosas; ceras minerais",79307912,110745298.0
Alemanha,Cortiça e suas obras,516,1138.0
Alemanha,Embarcações e estruturas flutuantes,50482,64290.0
Alemanha,Estanho e suas obras,1448840,1033221.0
Alemanha,Extratos tanantes e tintoriais; taninos e seus derivados; pigmentos e outras matérias corantes; tintas e vernizes; mástiques; tintas de escrever,3352568,3352568.0
Alemanha,"Ferramentas, artefatos de cutelaria e talheres, e suas partes, de metais comuns",4181215,5782935.0
Alemanha,"Ferro fundido, ferro e aço",84421872,122338179.0
Alemanha,"Fibras sintéticas ou artificiais, descontínuas",928,2857.0
Alemanha,Filamentos sintéticos ou artificiais,154045,189311.0
Alemanha,Frutas; cascas de frutos cítricos e de melões,15122099,12894419.0
Alemanha,"Gomas, resinas e outros sucos e extratos vegetais",2965574,3196468.0
Alemanha,Gorduras e óleos animais ou vegetais; produtos da sua dissociação; gorduras alimentares elaboradas; ceras de origem animal ou vegetal,20244964,18440583.0
Alemanha,"Guarda-chuvas, sombrinhas, guarda-sóis, bengalas, bengalas-assentos, chicotes, pingalins, e suas partes",2361,2361.0
Alemanha,"Instrumentos e aparelhos de óptica, de fotografia, de cinematografia, de medida, de controle ou de precisão; instrumentos e aparelhos médico-cirúrgicos; suas partes e acessórios",35066883,41539034.0
Alemanha,Instrumentos musicais; suas partes e acessórios,659193,740474.0
Alemanha,"Leite e lacticínios; ovos de aves; mel natural; produtos comestíveis de origem animal, não especificados nem compreendidos noutros Capítulos",6334797,5599526.0
Alemanha,"Livros, jornais, gravuras e outros produtos das indústrias gráficas; textos manuscritos ou datilografados, planos e plantas",558675,1171122.0
Alemanha,"Lã, pelos finos ou grosseiros; fios e tecidos de crina",184661,315666.0
Alemanha,"Madeira, carvão vegetal e obras de madeira",72891775,89721119.0
Alemanha,Matérias albuminóides; produtos à base de amidos ou de féculas modificados; colas; enzimas,24883284,29282130.0
Alemanha,"Matérias para entrançar e outros produtos de origem vegetal, não especificados nem compreendidos noutros Capítulos",412,457.0
Alemanha,"Minerios, escórias e cinzas",931364113,980035400.0
Alemanha,"Máquinas, aparelhos e materiais elétricos, e suas partes; aparelhos de gravação ou de reprodução de som, aparelhos de gravação ou de reprodução de imagens e de som em televisão, e suas partes e acessórios",142696315,160473955.0
Alemanha,"Móveis; mobiliário médico-cirúrgico, colchões, almofadas e semelhantes; aparelhos de iluminação não especificados nem compreendidos em outros capítulos; anúncios, cartazes ou tabuletas e placas indicadoras luminosos, e artigos semelhantes; Construções Pré",8093336,10146568.0
Alemanha,Níquel e suas obras,249123,863281.0
Alemanha,"Objetos de arte, de coleção e antiguidades",1986274,2337706.0
Alemanha,"Obras de couro; artigos de correeiro ou de seleiro; artigos de viagem, bolsas e artefatos semelhantes; obras de tripa",930442,990418.0
Alemanha,Obras de espartaria ou de cestaria,3029,2968.0
Alemanha,"Obras de ferro fundido, ferro ou aço",60175777,78485861.0
Alemanha,"Obras de pedra, gesso, cimento, amianto, mica ou de matérias semelhantes",24919598,23433928.0
Alemanha,Obras diversas,3930956,5362179.0
Alemanha,Obras diversas de metais comuns,779598,950499.0
Alemanha,Outras fibras têxteis vegetais; fios de papel e tecidos de fios de papel,50221,105261.0
Alemanha,"Outros artefatos têxteis confeccionados; sortidos; artefatos de matérias têxteis, calçados, chapéus e artefatos de uso semelhante, usados; trapos",391912,354430.0
Alemanha,Outros metais comuns; ceramais (cermets); obras dessas matérias,1236347,1652555.0
Alemanha,"Outros produtos de origem animal, não especificados nem compreendidos noutros Capítulos",24766607,27368755.0
Alemanha,"Papel e cartão; obras de pasta de celulose, de papel ou de cartão",3658550,2632078.0
Alemanha,"Pastas (ouates), feltros e falsos tecidos; fios especiais; cordéis, cordas e cabos; artigos de cordoaria",531791,481583.0
Alemanha,Pastas de madeira ou de outras matérias fibrosas celulósicas; papel ou cartão para reciclar (desperdícios e aparas).,167266041,162623819.0
Alemanha,"Peixes e crustáceos, moluscos e outros invertebrados aquáticos",354430,354430.0
Alemanha,Peles com pelo e suas obras; peles com pelo artificiais,1172866,1200047.0
Alemanha,"Peles, exceto as peles com pelo, e couros",35099012,41539034.0
Alemanha,Penas e penugem preparadas e suas obras; flores artificiais; obras de cabelo,1138,1138.0
Alemanha,Plantas vivas e produtos de floricultura,114913,136940.0
Alemanha,Plásticos e suas obras,27147903,31122116.0
Alemanha,Preparações alimentícias diversas,30513941,51064335.0
Alemanha,"Preparações de carne, de peixes ou de crustáceos, de moluscos ou de outros invertebrados aquáticos",15038825,14471345.0
Alemanha,"Preparações de produtos hortícolas, de frutas ou de outras partes de plantas",3980137,3980137.0
Alemanha,"Preparações à base de cereais, farinhas, amidos, féculas ou leite; produtos de pastelaria",728538,1464506.0
Alemanha,Produtos cerâmicos,648230,1159781.0
Alemanha,Produtos da indústria de moagem; malte; amidos e féculas; inulina; glúten de trigo,637360,605781.0
Alemanha,Produtos diversos das indústrias químicas,10698049,14378929.0
Alemanha,Produtos farmacêuticos,11778391,17318775.0
Alemanha,"Produtos hortícolas, plantas, raízes e tubérculos, comestíveis.",1410780,1659873.0
Alemanha,Produtos para fotografia e cinematografia,5125573,5125573.0
Alemanha,"Produtos químicos inorgânicos; compostos inorgânicos ou orgânicos de metais preciosos, de elementos radioativos, de metais das terras raras ou de isótopos",214038519,266954691.0
Alemanha,Produtos químicos orgânicos,40631389,45660072.0
Alemanha,"Pérolas naturais ou cultivadas, pedras preciosas ou semipreciosas e semelhantes, metais preciosos, metais folheados ou chapeados de metais preciosos (plaquê), e suas obras; bijuterias; moedas",246905834,291025748.0
Alemanha,Pólvoras e explosivos; artigos de pirotecnia; fósforos; ligas pirofóricas; matérias inflamáveis,2625940,4330943.0
Alemanha,"Reatores nucleares, caldeiras, máquinas, aparelhos e instrumentos mecânicos, e suas partes",440859458,464815193.0
Alemanha,Resíduos e desperdícios das indústrias alimentares; alimentos preparados para animais,679940611,878776764.0
Alemanha,"Sabões, agentes orgânicos de superfície, preparações para lavagem, preparações lubrificantes, ceras artificiais, ceras preparadas, produtos de conservação e limpeza, velas e artigos semelhantes, massas ou pastas para modelar, ""ceras"" para dentistas e Comp",564923,667630.0
Alemanha,"Sal; enxofre; terras e pedras; gesso, cal e cimento",10475331,9941262.0
Alemanha,"Sementes e frutos oleaginosos; grãos, sementes e frutos diversos; plantas industriais ou medicinais; palhas e forragens",110792179,173998753.0
Alemanha,Tabaco e seus sucedâneos manufaturados,66236417,73288469.0
Alemanha,"Tapetes e outros revestimentos para pisos (pavimentos), de matérias têxteis",45197,93210.0
Alemanha,Tecidos de malha,2857,2857.0
Alemanha,Tecidos especiais; tecidos tufados; rendas; tapeçarias; passamanarias; bordados.,146968,127180.0
Alemanha,"Tecidos impregnados, revestidos, recobertos ou estratificados; artigos para usos técnicos de matérias têxteis",456801,567377.0
Alemanha,"Vestuário e seus acessórios, de malha",474043,559271.0
Alemanha,"Vestuário e seus acessórios, exceto de Malha",488401,646617.0
Alemanha,"Veículos automóveis, tratores, ciclos e outros veículos terrestres, suas partes e acessórios",59208315,56182433.0
Alemanha,"Veículos e material para vias férreas ou semelhantes, e suas partes; aparelhos mecânicos (incluindo os eletromecânicos) de sinalização para vias de comunicação",417447,646008.0
Alemanha,Vidro e suas obras,357889,433881.0
Alemanha,Zinco e suas obras,4,233.0
Alemanha,Óleos essenciais e resinóides; produtos de perfumaria ou de toucador preparados e preparações cosméticas,48265178,51067443.0
Argentina,Adubos (fertilizantes),31867859,52734968.0
Argentina,"Aeronaves e aparelhos espaciais, e suas partes",381082,354430.0
Argentina,Algodão,17853151,17768697.0
Argentina,Alumínio e suas obras,167164771,195321691.0
Argentina,Animais vivos,27083941,29166485.0
Argentina,Armas e munições; suas partes e acessórios,2337706,2997383.0
Argentina,Artigos de relojoaria,155001,133000.0
Argentina,Açúcares e produtos de confeitaria,12217346,11554223.0
Argentina,"Bebidas, líquidos alcoólicos e vinagres",5044049,6486376.0
Argentina,Borracha e suas obras,389103471,483633493.0
Argentina,"Brinquedos, jogos, artigos para divertimento ou para esporte; suas partes e acessórios",4569580,5782935.0
Argentina,Cacau e suas preparações,246915357,291025748.0
Argentina,"Café, chá, mate e especiarias",128623042,142903641.0
Argentina,"Calçados, polainas e artefatos semelhantes; suas partes",208395289,268603444.0
Argentina,"Carnes e miudezas, comestíveis",61589333,64929874.0
Argentina,Cereais,19726076,34362129.0
Argentina,"Chapéus e artefatos de uso semelhante, e suas partes",1100051,1324468.0
Argentina,Chumbo e suas obras,1568182,2480568.0
Argentina,Cobre e suas obras,109716365,108887121.0
Argentina,"Combustíveis minerais, óleos minerais e produtos da sua destilação; matérias betuminosas; ceras minerais",369297317,667968485.0
Argentina,Cortiça e suas obras,120548,265169.0
Argentina,Embarcações e estruturas flutuantes,164331,93579.0
Argentina,Estanho e suas obras,15988343,15988343.0
Argentina,Extratos tanantes e tintoriais; taninos e seus derivados; pigmentos e outras matérias corantes; tintas e vernizes; mástiques; tintas de escrever,157658072,164302693.0
Argentina,"Ferramentas, artefatos de cutelaria e talheres, e suas partes, de metais comuns",36282392,41539034.0
Argentina,"Ferro fundido, ferro e aço",557967968,894930419.0
Argentina,"Fibras sintéticas ou artificiais, descontínuas",25211662,25142074.0
Argentina,Filamentos sintéticos ou artificiais,25846665,25142074.0
Argentina,Frutas; cascas de frutos cítricos e de melões,43485796,45660072.0
Argentina,"Gomas, resinas e outros sucos e extratos vegetais",2854277,2586948.0
Argentina,Gorduras e óleos animais ou vegetais; produtos da sua dissociação; gorduras alimentares elaboradas; ceras de origem animal ou vegetal,15736758,22633876.0
Argentina,"Guarda-chuvas, sombrinhas, guarda-sóis, bengalas, bengalas-assentos, chicotes, pingalins, e suas partes",231123,393200.0
Argentina,"Instrumentos e aparelhos de óptica, de fotografia, de cinematografia, de medida, de controle ou de precisão; instrumentos e aparelhos médico-cirúrgicos; suas partes e acessórios",144507983,160473955.0
Argentina,Instrumentos musicais; suas partes e acessórios,51079,65401.0
Argentina,"Leite e lacticínios; ovos de aves; mel natural; produtos comestíveis de origem animal, não especificados nem compreendidos noutros Capítulos",4889407,4511314.0
Argentina,"Livros, jornais, gravuras e outros produtos das indústrias gráficas; textos manuscritos ou datilografados, planos e plantas",17376330,57984056.0
Argentina,"Lã, pelos finos ou grosseiros; fios e tecidos de crina",153584,153584.0
Argentina,"Madeira, carvão vegetal e obras de madeira",19224837,23302899.0
Argentina,Matérias albuminóides; produtos à base de amidos ou de féculas modificados; colas; enzimas,76152832,89721119.0
Argentina,"Matérias para entrançar e outros produtos de origem vegetal, não especificados nem compreendidos noutros Capítulos",5878,78101.0
Argentina,"Minerios, escórias e cinzas",513214027,976139162.0
Argentina,"Máquinas, aparelhos e materiais elétricos, e suas partes; aparelhos de gravação ou de reprodução de som, aparelhos de gravação ou de reprodução de imagens e de som em televisão, e suas partes e acessórios",695983373,1166410261.0
Argentina,"Móveis; mobiliário médico-cirúrgico, colchões, almofadas e semelhantes; aparelhos de iluminação não especificados nem compreendidos em outros capítulos; anúncios, cartazes ou tabuletas e placas indicadoras luminosos, e artigos semelhantes; Construções Pré",94071986,134254750.0
Argentina,Níquel e suas obras,7165121,7597770.0
Argentina,"Objetos de arte, de coleção e antiguidades",1063025,4208648.0
Argentina,"Obras de couro; artigos de correeiro ou de seleiro; artigos de viagem, bolsas e artefatos semelhantes; obras de tripa",650343,659193.0
Argentina,Obras de espartaria ou de cestaria,1138,566.0
Argentina,"Obras de ferro fundido, ferro ou aço",167575745,223997753.0
Argentina,"Obras de pedra, gesso, cimento, amianto, mica ou de matérias semelhantes",37159697,41539034.0
Argentina,Obras diversas,20886709,21024165.0
Argentina,Obras diversas de metais comuns,72168611,77332054.0
Argentina,Outras fibras têxteis vegetais; fios de papel e tecidos de fios de papel,1140984,1355940.0
Argentina,"Outros artefatos têxteis confeccionados; sortidos; artefatos de matérias têxteis, calçados, chapéus e artefatos de uso semelhante, usados; trapos",12540542,12570325.0
Argentina,Outros metais comuns; ceramais (cermets); obras dessas matérias,382651,415056.0
Argentina,"Outros produtos de origem animal, não especificados nem compreendidos noutros Capítulos",2302557,3718898.0
Argentina,"Papel e cartão; obras de pasta de celulose, de papel ou de cartão",377378763,392260569.0
Argentina,"Pastas (ouates), feltros e falsos tecidos; fios especiais; cordéis, cordas e cabos; artigos de cordoaria",38961301,41539034.0
Argentina,Pastas de madeira ou de outras matérias fibrosas celulósicas; papel ou cartão para reciclar (desperdícios e aparas).,59282101,65775931.0
Argentina,"Peixes e crustáceos, moluscos e outros invertebrados aquáticos",600958,667630.0
Argentina,Peles com pelo e suas obras; peles com pelo artificiais,199116,441279.0
Argentina,"Peles, exceto as peles com pelo, e couros",6780251,7597770.0
Argentina,Plantas vivas e produtos de floricultura,28486,28486.0
Argentina,Plásticos e suas obras,752692330,821361188.0
Argentina,Preparações alimentícias diversas,76965750,84611898.0
Argentina,"Preparações de carne, de peixes ou de crustáceos, de moluscos ou de outros invertebrados aquáticos",17281308,26021579.0
Argentina,"Preparações de produtos hortícolas, de frutas ou de outras partes de plantas",9369516,9941262.0
Argentina,"Preparações à base de cereais, farinhas, amidos, féculas ou leite; produtos de pastelaria",18440583,17768697.0
Argentina,Produtos cerâmicos,49850827,51067443.0
Argentina,Produtos da indústria de moagem; malte; amidos e féculas; inulina; glúten de trigo,2520046,2370342.0
Argentina,Produtos diversos das indústrias químicas,320243941,316598676.0
Argentina,Produtos farmacêuticos,85052748,85052748.0
Argentina,"Produtos hortícolas, plantas, raízes e tubérculos, comestíveis.",41155452,60053496.0
Argentina,Produtos para fotografia e cinematografia,4431465,5009870.0
Argentina,"Produtos químicos inorgânicos; compostos inorgânicos ou orgânicos de metais preciosos, de elementos radioativos, de metais das terras raras ou de isótopos",207444833,216952526.0
Argentina,Produtos químicos orgânicos,192399083,255026250.0
Argentina,"Pérolas naturais ou cultivadas, pedras preciosas ou semipreciosas e semelhantes, metais preciosos, metais folheados ou chapeados de metais preciosos (plaquê), e suas obras; bijuterias; moedas",2102320,2038507.0
Argentina,Pólvoras e explosivos; artigos de pirotecnia; fósforos; ligas pirofóricas; matérias inflamáveis,1146036,950024.0
Argentina,"Reatores nucleares, caldeiras, máquinas, aparelhos e instrumentos mecânicos, e suas partes",1409082081,1505096060.0
Argentina,Resíduos e desperdícios das indústrias alimentares; alimentos preparados para animais,23567684,23433928.0
Argentina,"Sabões, agentes orgânicos de superfície, preparações para lavagem, preparações lubrificantes, ceras artificiais, ceras preparadas, produtos de conservação e limpeza, velas e artigos semelhantes, massas ou pastas para modelar, ""ceras"" para dentistas e Comp",161425505,162623819.0
Argentina,"Sal; enxofre; terras e pedras; gesso, cal e cimento",13894939,13851625.0
Argentina,Seda,5597,5597.0
Argentina,"Sementes e frutos oleaginosos; grãos, sementes e frutos diversos; plantas industriais ou medicinais; palhas e forragens",94280855,447624347.0
Argentina,Tabaco e seus sucedâneos manufaturados,49246364,51067443.0
Argentina,"Tapetes e outros revestimentos para pisos (pavimentos), de matérias têxteis",10993835,14378929.0
Argentina,Tecidos de malha,20427938,23302899.0
Argentina,Tecidos especiais; tecidos tufados; rendas; tapeçarias; passamanarias; bordados.,3520990,3100619.0
Argentina,"Tecidos impregnados, revestidos, recobertos ou estratificados; artigos para usos técnicos de matérias têxteis",22950731,25260593.0
Argentina,"Vestuário e seus acessórios, de malha",9675244,12725607.0
Argentina,"Vestuário e seus acessórios, exceto de Malha",3196468,3404859.0
Argentina,"Veículos automóveis, tratores, ciclos e outros veículos terrestres, suas partes e acessórios",4827284720,10416210539.0
Argentina,"Veículos e material para vias férreas ou semelhantes, e suas partes; aparelhos mecânicos (incluindo os eletromecânicos) de sinalização para vias de comunicação",1607997,1591001.0
Argentina,Vidro e suas obras,90575013,92229294.0
Argentina,Zinco e suas obras,81001946,89721119.0
Argentina,Óleos essenciais e resinóides; produtos de perfumaria ou de toucador preparados e preparações cosméticas,115630793,108887121.0
Canadá,Adubos (fertilizantes),3431496,16014312.0
Canadá,"Aeronaves e aparelhos espaciais, e suas partes",499172953,667968485.0
Canadá,Algodão,80475,178514.0
Canadá,Alumínio e suas obras,6549060,15593657.0
Canadá,Animais vivos,2351,2351.0
Canadá,Armas e munições; suas partes e acessórios,1063158,1840779.0
Canadá,Artigos de relojoaria,52239,52239.0
Canadá,Açúcares e produtos de confeitaria,674315338,894930419.0
Canadá,"Bebidas, líquidos alcoólicos e vinagres",271615,518758.0
Canadá,Borracha e suas obras,29140407,35023151.0
Canadá,"Brinquedos, jogos, artigos para divertimento ou para esporte; suas partes e acessórios",1342488,3089633.0
Canadá,Cacau e suas preparações,14259683,17000640.0
Canadá,"Café, chá, mate e especiarias",232066709,289216038.0
Canadá,"Calçados, polainas e artefatos semelhantes; suas partes",8633450,12843996.0
Canadá,"Carnes e miudezas, comestíveis",84680187,116647663.0
Canadá,Cereais,2510304,3187402.0
Canadá,"Chapéus e artefatos de uso semelhante, e suas partes",1256,743.0
Canadá,Cobre e suas obras,1766970,3401706.0
Canadá,"Combustíveis minerais, óleos minerais e produtos da sua destilação; matérias betuminosas; ceras minerais",75985126,122338179.0
Canadá,Embarcações e estruturas flutuantes,18698,20847.0
Canadá,Estanho e suas obras,13564630,76128180.0
Canadá,Extratos tanantes e tintoriais; taninos e seus derivados; pigmentos e outras matérias corantes; tintas e vernizes; mástiques; tintas de escrever,266895,187891.0
Canadá,"Ferramentas, artefatos de cutelaria e talheres, e suas partes, de metais comuns",851690,1236347.0
Canadá,"Ferro fundido, ferro e aço",311333872,317998337.0
Canadá,"Fibras sintéticas ou artificiais, descontínuas",10444,11452.0
Canadá,Filamentos sintéticos ou artificiais,193953,320538.0
Canadá,Frutas; cascas de frutos cítricos e de melões,31753979,31475214.0
Canadá,"Gomas, resinas e outros sucos e extratos vegetais",108247,114738.0
Canadá,Gorduras e óleos animais ou vegetais; produtos da sua dissociação; gorduras alimentares elaboradas; ceras de origem animal ou vegetal,1669365,2480568.0
Canadá,"Instrumentos e aparelhos de óptica, de fotografia, de cinematografia, de medida, de controle ou de precisão; instrumentos e aparelhos médico-cirúrgicos; suas partes e acessórios",5362179,5125573.0
Canadá,Instrumentos musicais; suas partes e acessórios,38089,38089.0
Canadá,"Leite e lacticínios; ovos de aves; mel natural; produtos comestíveis de origem animal, não especificados nem compreendidos noutros Capítulos",11686239,15247435.0
Canadá,"Livros, jornais, gravuras e outros produtos das indústrias gráficas; textos manuscritos ou datilografados, planos e plantas",216626,259357.0
Canadá,"Lã, pelos finos ou grosseiros; fios e tecidos de crina",79667,104347.0
Canadá,"Madeira, carvão vegetal e obras de madeira",27685280,31122116.0
Canadá,Matérias albuminóides; produtos à base de amidos ou de féculas modificados; colas; enzimas,3546575,5362179.0
Canadá,"Matérias para entrançar e outros produtos de origem vegetal, não especificados nem compreendidos noutros Capítulos",219023,844101.0
Canadá,"Minerios, escórias e cinzas",162623819,162623819.0
Canadá,"Máquinas, aparelhos e materiais elétricos, e suas partes; aparelhos de gravação ou de reprodução de som, aparelhos de gravação ou de reprodução de imagens e de som em televisão, e suas partes e acessórios",100956530,128488960.0
Canadá,"Móveis; mobiliário médico-cirúrgico, colchões, almofadas e semelhantes; aparelhos de iluminação não especificados nem compreendidos em outros capítulos; anúncios, cartazes ou tabuletas e placas indicadoras luminosos, e artigos semelhantes; Construções Pré",5079970,4111860.0
Canadá,Níquel e suas obras,1005704,3089633.0
Canadá,"Objetos de arte, de coleção e antiguidades",41999,163245.0
Canadá,"Obras de couro; artigos de correeiro ou de seleiro; artigos de viagem, bolsas e artefatos semelhantes; obras de tripa",724593,892523.0
Canadá,"Obras de ferro fundido, ferro ou aço",14739403,18603984.0
Canadá,"Obras de pedra, gesso, cimento, amianto, mica ou de matérias semelhantes",18208150,17768697.0
Canadá,Obras diversas,3100619,2586948.0
Canadá,Obras diversas de metais comuns,238616,205633.0
Canadá,Outras fibras têxteis vegetais; fios de papel e tecidos de fios de papel,151611,153132.0
Canadá,"Outros artefatos têxteis confeccionados; sortidos; artefatos de matérias têxteis, calçados, chapéus e artefatos de uso semelhante, usados; trapos",810909,718157.0
Canadá,Outros metais comuns; ceramais (cermets); obras dessas matérias,2000,1935.0
Canadá,"Outros produtos de origem animal, não especificados nem compreendidos noutros Capítulos",25968274,35811238.0
Canadá,"Papel e cartão; obras de pasta de celulose, de papel ou de cartão",9826404,13751386.0
Canadá,"Pastas (ouates), feltros e falsos tecidos; fios especiais; cordéis, cordas e cabos; artigos de cordoaria",747269,665484.0
Canadá,Pastas de madeira ou de outras matérias fibrosas celulósicas; papel ou cartão para reciclar (desperdícios e aparas).,10846082,14942928.0
Canadá,"Peixes e crustáceos, moluscos e outros invertebrados aquáticos",4987197,8420815.0
Canadá,Peles com pelo e suas obras; peles com pelo artificiais,305725,238616.0
Canadá,"Peles, exceto as peles com pelo, e couros",4015930,3980137.0
Canadá,Penas e penugem preparadas e suas obras; flores artificiais; obras de cabelo,5012,5012.0
Canadá,Plantas vivas e produtos de floricultura,765347,770042.0
Canadá,Plásticos e suas obras,5856436,5857655.0
Canadá,Preparações alimentícias diversas,38577486,48265178.0
Canadá,"Preparações de carne, de peixes ou de crustáceos, de moluscos ou de outros invertebrados aquáticos",18603984,20348681.0
Canadá,"Preparações de produtos hortícolas, de frutas ou de outras partes de plantas",8225622,10146568.0
Canadá,"Preparações à base de cereais, farinhas, amidos, féculas ou leite; produtos de pastelaria",1577020,1961317.0
Canadá,Produtos cerâmicos,3213924,2892678.0
Canadá,Produtos da indústria de moagem; malte; amidos e féculas; inulina; glúten de trigo,774521,983619.0
Canadá,Produtos diversos das indústrias químicas,3272884,3940995.0
Canadá,Produtos farmacêuticos,11755432,11778391.0
Canadá,"Produtos hortícolas, plantas, raízes e tubérculos, comestíveis.",1683821,2102320.0
Canadá,Produtos para fotografia e cinematografia,595488,525828.0
Canadá,"Produtos químicos inorgânicos; compostos inorgânicos ou orgânicos de metais preciosos, de elementos radioativos, de metais das terras raras ou de isótopos",1648335732,1843201011.0
Canadá,Produtos químicos orgânicos,23433928,25260593.0
Canadá,"Pérolas naturais ou cultivadas, pedras preciosas ou semipreciosas e semelhantes, metais preciosos, metais folheados ou chapeados de metais preciosos (plaquê), e suas obras; bijuterias; moedas",1843201011,1614124645.0
Canadá,Pólvoras e explosivos; artigos de pirotecnia; fósforos; ligas pirofóricas; matérias inflamáveis,63450,117127.0
Canadá,"Reatores nucleares, caldeiras, máquinas, aparelhos e instrumentos mecânicos, e suas partes",221201069,266954691.0
Canadá,Resíduos e desperdícios das indústrias alimentares; alimentos preparados para animais,1705162,1951097.0
Canadá,"Sabões, agentes orgânicos de superfície, preparações para lavagem, preparações lubrificantes, ceras artificiais, ceras preparadas, produtos de conservação e limpeza, velas e artigos semelhantes, massas ou pastas para modelar, ""ceras"" para dentistas e Comp",259357,439723.0
Canadá,"Sal; enxofre; terras e pedras; gesso, cal e cimento",25365831,27570274.0
Canadá,"Sementes e frutos oleaginosos; grãos, sementes e frutos diversos; plantas industriais ou medicinais; palhas e forragens",428882,374604.0
Canadá,Tabaco e seus sucedâneos manufaturados,12342026,15137979.0
Canadá,"Tapetes e outros revestimentos para pisos (pavimentos), de matérias têxteis",612,612.0
Canadá,Tecidos de malha,11939,13124.0
Canadá,Tecidos especiais; tecidos tufados; rendas; tapeçarias; passamanarias; bordados.,2441,2441.0
Canadá,"Tecidos impregnados, revestidos, recobertos ou estratificados; artigos para usos técnicos de matérias têxteis",96781,80825.0
Canadá,"Vestuário e seus acessórios, de malha",1365783,1365783.0
Canadá,"Vestuário e seus acessórios, exceto de Malha",277641,277641.0
Canadá,"Veículos automóveis, tratores, ciclos e outros veículos terrestres, suas partes e acessórios",24736479,29282130.0
Canadá,"Veículos e material para vias férreas ou semelhantes, e suas partes; aparelhos mecânicos (incluindo os eletromecânicos) de sinalização para vias de comunicação",260556,314431.0
Canadá,Vidro e suas obras,517873,646617.0
Canadá,Zinco e suas obras,2675,2290.0
Canadá,Óleos essenciais e resinóides; produtos de perfumaria ou de toucador preparados e preparações cosméticas,10519372,12540542.0
Chile,Adubos (fertilizantes),3338421,5322963.0
Chile,"Aeronaves e aparelhos espaciais, e suas partes",3996890,4438355.0
Chile,Algodão,2019085,2226588.0
Chile,Alumínio e suas obras,103450803,149037519.0
Chile,Animais vivos,6819302,7331708.0
Chile,Armas e munições; suas partes e acessórios,3216987,4181860.0
Chile,Artigos de relojoaria,94260,338891.0
Chile,Açúcares e produtos de confeitaria,79625090,110745298.0
Chile,"Bebidas, líquidos alcoólicos e vinagres",16995341,39155601.0
Chile,Borracha e suas obras,84872446,92229294.0
Chile,"Brinquedos, jogos, artigos para divertimento ou para esporte; suas partes e acessórios",2972461,3462281.0
Chile,Cacau e suas preparações,59039453,69504408.0
Chile,"Café, chá, mate e especiarias",47911033,57918651.0
Chile,"Calçados, polainas e artefatos semelhantes; suas partes",27301278,31122116.0
Chile,"Carnes e miudezas, comestíveis",1032354691,1235311569.0
Chile,Cereais,10367396,107237819.0
Chile,"Chapéus e artefatos de uso semelhante, e suas partes",271482,314431.0
Chile,Chumbo e suas obras,99060,80475.0
Chile,Cobre e suas obras,9606360,10206846.0
Chile,"Combustíveis minerais, óleos minerais e produtos da sua destilação; matérias betuminosas; ceras minerais",1986538112,1730606341.0
Chile,Cortiça e suas obras,13124,8360.0
Chile,Embarcações e estruturas flutuantes,315452,4611408.0
Chile,Estanho e suas obras,906777,718157.0
Chile,Extratos tanantes e tintoriais; taninos e seus derivados; pigmentos e outras matérias corantes; tintas e vernizes; mástiques; tintas de escrever,25260593,27703812.0
Chile,"Ferramentas, artefatos de cutelaria e talheres, e suas partes, de metais comuns",10981200,12540542.0
Chile,"Ferro fundido, ferro e aço",32888993,31404346.0
Chile,"Fibras sintéticas ou artificiais, descontínuas",171927,155001.0
Chile,Filamentos sintéticos ou artificiais,2586948,3174228.0
Chile,Frutas; cascas de frutos cítricos e de melões,10757600,14378929.0
Chile,"Gomas, resinas e outros sucos e extratos vegetais",873563,920689.0
Chile,Gorduras e óleos animais ou vegetais; produtos da sua dissociação; gorduras alimentares elaboradas; ceras de origem animal ou vegetal,27127642,31122116.0
Chile,"Guarda-chuvas, sombrinhas, guarda-sóis, bengalas, bengalas-assentos, chicotes, pingalins, e suas partes",8779,8779.0
Chile,"Instrumentos e aparelhos de óptica, de fotografia, de cinematografia, de medida, de controle ou de precisão; instrumentos e aparelhos médico-cirúrgicos; suas partes e acessórios",42347643,45660072.0
Chile,Instrumentos musicais; suas partes e acessórios,174636,232392.0
Chile,"Leite e lacticínios; ovos de aves; mel natural; produtos comestíveis de origem animal, não especificados nem compreendidos noutros Capítulos",22755462,28901351.0
Chile,"Livros, jornais, gravuras e outros produtos das indústrias gráficas; textos manuscritos ou datilografados, planos e plantas",5177486,10328507.0
Chile,"Lã, pelos finos ou grosseiros; fios e tecidos de crina",199777,161879.0
Chile,"Madeira, carvão vegetal e obras de madeira",12553827,15569623.0
Chile,Matérias albuminóides; produtos à base de amidos ou de féculas modificados; colas; enzimas,21326399,21024165.0
Chile,"Matérias para entrançar e outros produtos de origem vegetal, não especificados nem compreendidos noutros Capítulos",1330,2986.0
Chile,"Minerios, escórias e cinzas",44077098,55892537.0
Chile,"Máquinas, aparelhos e materiais elétricos, e suas partes; aparelhos de gravação ou de reprodução de som, aparelhos de gravação ou de reprodução de imagens e de som em televisão, e suas partes e acessórios",183421342,198431196.0
Chile,"Móveis; mobiliário médico-cirúrgico, colchões, almofadas e semelhantes; aparelhos de iluminação não especificados nem compreendidos em outros capítulos; anúncios, cartazes ou tabuletas e placas indicadoras luminosos, e artigos semelhantes; Construções Pré",61324317,84928390.0
Chile,Níquel e suas obras,357692,433881.0
Chile,"Objetos de arte, de coleção e antiguidades",692,692.0
Chile,"Obras de couro; artigos de correeiro ou de seleiro; artigos de viagem, bolsas e artefatos semelhantes; obras de tripa",442231,491758.0
Chile,Obras de espartaria ou de cestaria,154,154.0
Chile,"Obras de ferro fundido, ferro ou aço",39282645,37287143.0
Chile,"Obras de pedra, gesso, cimento, amianto, mica ou de matérias semelhantes",10998888,12256415.0
Chile,Obras diversas,12729234,14090653.0
Chile,Obras diversas de metais comuns,22901502,26074802.0
Chile,Outras fibras têxteis vegetais; fios de papel e tecidos de fios de papel,80825,127606.0
Chile,"Outros artefatos têxteis confeccionados; sortidos; artefatos de matérias têxteis, calçados, chapéus e artefatos de uso semelhante, usados; trapos",1264521,1200047.0
Chile,Outros metais comuns; ceramais (cermets); obras dessas matérias,354338,650575.0
Chile,"Outros produtos de origem animal, não especificados nem compreendidos noutros Capítulos",2014024,2864268.0
Chile,"Papel e cartão; obras de pasta de celulose, de papel ou de cartão",182237407,259332202.0
Chile,"Pastas (ouates), feltros e falsos tecidos; fios especiais; cordéis, cordas e cabos; artigos de cordoaria",8911445,10240023.0
Chile,Pastas de madeira ou de outras matérias fibrosas celulósicas; papel ou cartão para reciclar (desperdícios e aparas).,992781,4208648.0
Chile,"Peixes e crustáceos, moluscos e outros invertebrados aquáticos",747690,3979757.0
Chile,Peles com pelo e suas obras; peles com pelo artificiais,24816,22185.0
Chile,"Peles, exceto as peles com pelo, e couros",2790264,3167969.0
Chile,Plantas vivas e produtos de floricultura,37084,34801.0
Chile,Plásticos e suas obras,291615148,330514779.0
Chile,Preparações alimentícias diversas,78188624,110745298.0
Chile,"Preparações de carne, de peixes ou de crustáceos, de moluscos ou de outros invertebrados aquáticos",31687994,38335911.0
Chile,"Preparações de produtos hortícolas, de frutas ou de outras partes de plantas",35430319,45890688.0
Chile,"Preparações à base de cereais, farinhas, amidos, féculas ou leite; produtos de pastelaria",20890404,22252157.0
Chile,Produtos cerâmicos,18349005,20348681.0
Chile,Produtos da indústria de moagem; malte; amidos e féculas; inulina; glúten de trigo,1140586,1251400.0
Chile,Produtos diversos das indústrias químicas,64929874,64929874.0
Chile,Produtos farmacêuticos,48611618,51067443.0
Chile,"Produtos hortícolas, plantas, raízes e tubérculos, comestíveis.",752100,1288276.0
Chile,Produtos para fotografia e cinematografia,2618380,3196468.0
Chile,"Produtos químicos inorgânicos; compostos inorgânicos ou orgânicos de metais preciosos, de elementos radioativos, de metais das terras raras ou de isótopos",27899056,31122116.0
Chile,Produtos químicos orgânicos,43580097,45660072.0
Chile,"Pérolas naturais ou cultivadas, pedras preciosas ou semipreciosas e semelhantes, metais preciosos, metais folheados ou chapeados de metais preciosos (plaquê), e suas obras; bijuterias; moedas",1517604,1961317.0
Chile,Pólvoras e explosivos; artigos de pirotecnia; fósforos; ligas pirofóricas; matérias inflamáveis,8188900,10146568.0
Chile,"Reatores nucleares, caldeiras, máquinas, aparelhos e instrumentos mecânicos, e suas partes",400948318,504317187.0
Chile,Resíduos e desperdícios das indústrias alimentares; alimentos preparados para animais,250567549,291025748.0
Chile,"Sabões, agentes orgânicos de superfície, preparações para lavagem, preparações lubrificantes, ceras artificiais, ceras preparadas, produtos de conservação e limpeza, velas e artigos semelhantes, massas ou pastas para modelar, ""ceras"" para dentistas e Comp",26157185,27703812.0
Chile,"Sal; enxofre; terras e pedras; gesso, cal e cimento",5695923,5695923.0
Chile,Seda,193,193.0
Chile,"Sementes e frutos oleaginosos; grãos, sementes e frutos diversos; plantas industriais ou medicinais; palhas e forragens",6834972,15432352.0
Chile,Tabaco e seus sucedâneos manufaturados,5034793,5009870.0
Chile,"Tapetes e outros revestimentos para pisos (pavimentos), de matérias têxteis",251018,331212.0
Chile,Tecidos de malha,874383,1236347.0
Chile,Tecidos especiais; tecidos tufados; rendas; tapeçarias; passamanarias; bordados.,191618,161879.0
Chile,"Tecidos impregnados, revestidos, recobertos ou estratificados; artigos para usos técnicos de matérias têxteis",10725401,12256415.0
Chile,"Vestuário e seus acessórios, de malha",6091579,9675244.0
Chile,"Vestuário e seus acessórios, exceto de Malha",3116719,4181860.0
Chile,"Veículos automóveis, tratores, ciclos e outros veículos terrestres, suas partes e acessórios",909285315,1250624087.0
Chile,"Veículos e material para vias férreas ou semelhantes, e suas partes; aparelhos mecânicos (incluindo os eletromecânicos) de sinalização para vias de comunicação",2304763,1841593.0
Chile,Vidro e suas obras,9678863,9678863.0
Chile,Zinco e suas obras,45771,88585.0
Chile,Óleos essenciais e resinóides; produtos de perfumaria ou de toucador preparados e preparações cosméticas,72077900,85295225.0
China,Adubos (fertilizantes),250744,413945.0
China,"Aeronaves e aparelhos espaciais, e suas partes",1509201,3401706.0
China,Algodão,1730606341,1730606341.0
China,Alumínio e suas obras,14241184,17000640.0
China,Animais vivos,90580,195721.0
China,Artigos de relojoaria,32148,32148.0
China,Açúcares e produtos de confeitaria,1405935750,1364867245.0
China,"Bebidas, líquidos alcoólicos e vinagres",726740,726740.0
China,Borracha e suas obras,28758232,35023151.0
China,"Brinquedos, jogos, artigos para divertimento ou para esporte; suas partes e acessórios",363220,816834.0
China,Cacau e suas preparações,671195,1263486.0
China,"Café, chá, mate e especiarias",215209758,370832314.0
China,"Calçados, polainas e artefatos semelhantes; suas partes",4905784,5034793.0
China,"Carnes e miudezas, comestíveis",7802597082,7802597082.0
China,Cereais,465522787,2031437950.0
China,"Chapéus e artefatos de uso semelhante, e suas partes",43971,55975.0
China,Chumbo e suas obras,9982,15203.0
China,Cobre e suas obras,128706761,128623042.0
China,"Combustíveis minerais, óleos minerais e produtos da sua destilação; matérias betuminosas; ceras minerais",20678975255,21356130583.0
China,Embarcações e estruturas flutuantes,17768,17768.0
China,Estanho e suas obras,40,1055.0
China,Extratos tanantes e tintoriais; taninos e seus derivados; pigmentos e outras matérias corantes; tintas e vernizes; mástiques; tintas de escrever,8914430,10206846.0
China,"Ferramentas, artefatos de cutelaria e talheres, e suas partes, de metais comuns",4272324,5782935.0
China,"Ferro fundido, ferro e aço",1272337156,1565684776.0
China,"Fibras sintéticas ou artificiais, descontínuas",322698,105551806.0
China,Filamentos sintéticos ou artificiais,596905,816834.0
China,Frutas; cascas de frutos cítricos e de melões,8420815,10146568.0
China,"Gomas, resinas e outros sucos e extratos vegetais",30443204,29059065.0
China,Gorduras e óleos animais ou vegetais; produtos da sua dissociação; gorduras alimentares elaboradas; ceras de origem animal ou vegetal,377292932,512215915.0
China,"Instrumentos e aparelhos de óptica, de fotografia, de cinematografia, de medida, de controle ou de precisão; instrumentos e aparelhos médico-cirúrgicos; suas partes e acessórios",18493961,21129202.0
China,Instrumentos musicais; suas partes e acessórios,17506,17768.0
China,"Leite e lacticínios; ovos de aves; mel natural; produtos comestíveis de origem animal, não especificados nem compreendidos noutros Capítulos",4716212,10846082.0
China,"Livros, jornais, gravuras e outros produtos das indústrias gráficas; textos manuscritos ou datilografados, planos e plantas",125008,179200.0
China,"Lã, pelos finos ou grosseiros; fios e tecidos de crina",81,233.0
China,"Madeira, carvão vegetal e obras de madeira",177889883,178006963.0
China,Matérias albuminóides; produtos à base de amidos ou de féculas modificados; colas; enzimas,4330943,6002174.0
China,"Matérias para entrançar e outros produtos de origem vegetal, não especificados nem compreendidos noutros Capítulos",8478235,11166875.0
China,"Minerios, escórias e cinzas",21356130583,21356130583.0
China,"Máquinas, aparelhos e materiais elétricos, e suas partes; aparelhos de gravação ou de reprodução de som, aparelhos de gravação ou de reprodução de imagens e de som em televisão, e suas partes e acessórios",75185353,75185353.0
China,"Móveis; mobiliário médico-cirúrgico, colchões, almofadas e semelhantes; aparelhos de iluminação não especificados nem compreendidos em outros capítulos; anúncios, cartazes ou tabuletas e placas indicadoras luminosos, e artigos semelhantes; Construções Pré",1333009,1200047.0
China,Níquel e suas obras,1439909,2480568.0
China,"Objetos de arte, de coleção e antiguidades",518758,1778284.0
China,"Obras de couro; artigos de correeiro ou de seleiro; artigos de viagem, bolsas e artefatos semelhantes; obras de tripa",97754,110641.0
China,"Obras de ferro fundido, ferro ou aço",13662757,57984056.0
China,"Obras de pedra, gesso, cimento, amianto, mica ou de matérias semelhantes",12064001,14090653.0
China,Obras diversas,129848,136940.0
China,Obras diversas de metais comuns,372766,433881.0
China,Outras fibras têxteis vegetais; fios de papel e tecidos de fios de papel,25407490,27570274.0
China,"Outros artefatos têxteis confeccionados; sortidos; artefatos de matérias têxteis, calçados, chapéus e artefatos de uso semelhante, usados; trapos",238644,413945.0
China,Outros metais comuns; ceramais (cermets); obras dessas matérias,38422839,48265178.0
China,"Outros produtos de origem animal, não especificados nem compreendidos noutros Capítulos",3611656,2892678.0
China,"Papel e cartão; obras de pasta de celulose, de papel ou de cartão",39181733,38961301.0
China,"Pastas (ouates), feltros e falsos tecidos; fios especiais; cordéis, cordas e cabos; artigos de cordoaria",26744,22185.0
China,Pastas de madeira ou de outras matérias fibrosas celulósicas; papel ou cartão para reciclar (desperdícios e aparas).,4616596219,5800826743.0
China,"Peixes e crustáceos, moluscos e outros invertebrados aquáticos",41433196,45660072.0
China,Peles com pelo e suas obras; peles com pelo artificiais,920131,990418.0
China,"Peles, exceto as peles com pelo, e couros",401716762,523107867.0
China,Penas e penugem preparadas e suas obras; flores artificiais; obras de cabelo,560,560.0
China,Plantas vivas e produtos de floricultura,444497,696438.0
China,Plásticos e suas obras,95454301,92778856.0
China,Preparações alimentícias diversas,12662242,12570325.0
China,"Preparações de carne, de peixes ou de crustáceos, de moluscos ou de outros invertebrados aquáticos",124240,441269.0
China,"Preparações de produtos hortícolas, de frutas ou de outras partes de plantas",138214394,212444795.0
China,"Preparações à base de cereais, farinhas, amidos, féculas ou leite; produtos de pastelaria",319155,439723.0
China,Produtos cerâmicos,439723,491758.0
China,Produtos da indústria de moagem; malte; amidos e féculas; inulina; glúten de trigo,1815847,3364499.0
China,Produtos diversos das indústrias químicas,29011012,30005723.0
China,Produtos farmacêuticos,13162263,24295684.0
China,"Produtos hortícolas, plantas, raízes e tubérculos, comestíveis.",183815,180085.0
China,Produtos para fotografia e cinematografia,1055,1055.0
China,"Produtos químicos inorgânicos; compostos inorgânicos ou orgânicos de metais preciosos, de elementos radioativos, de metais das terras raras ou de isótopos",62867372,87169381.0
China,Produtos químicos orgânicos,79273294,72077900.0
China,"Pérolas naturais ou cultivadas, pedras preciosas ou semipreciosas e semelhantes, metais preciosos, metais folheados ou chapeados de metais preciosos (plaquê), e suas obras; bijuterias; moedas",50567281,57918651.0
China,Pólvoras e explosivos; artigos de pirotecnia; fósforos; ligas pirofóricas; matérias inflamáveis,3776,3776.0
China,"Reatores nucleares, caldeiras, máquinas, aparelhos e instrumentos mecânicos, e suas partes",158847875,246915357.0
China,Resíduos e desperdícios das indústrias alimentares; alimentos preparados para animais,56396187,71126117.0
China,"Sabões, agentes orgânicos de superfície, preparações para lavagem, preparações lubrificantes, ceras artificiais, ceras preparadas, produtos de conservação e limpeza, velas e artigos semelhantes, massas ou pastas para modelar, ""ceras"" para dentistas e Comp",4208648,7335567.0
China,"Sal; enxofre; terras e pedras; gesso, cal e cimento",522567222,840266486.0
China,Seda,420006,465176.0
China,"Sementes e frutos oleaginosos; grãos, sementes e frutos diversos; plantas industriais ou medicinais; palhas e forragens",31490818970,31490818970.0
China,Tabaco e seus sucedâneos manufaturados,584683761,583114383.0
China,"Tapetes e outros revestimentos para pisos (pavimentos), de matérias têxteis",2383,2383.0
China,Tecidos de malha,609893,741973.0
China,Tecidos especiais; tecidos tufados; rendas; tapeçarias; passamanarias; bordados.,123550,179200.0
China,"Tecidos impregnados, revestidos, recobertos ou estratificados; artigos para usos técnicos de matérias têxteis",1286366,1797634.0
China,"Vestuário e seus acessórios, de malha",119371,110641.0
China,"Vestuário e seus acessórios, exceto de Malha",116971,265169.0
China,"Veículos automóveis, tratores, ciclos e outros veículos terrestres, suas partes e acessórios",9466266,10081529.0
China,"Veículos e material para vias férreas ou semelhantes, e suas partes; aparelhos mecânicos (incluindo os eletromecânicos) de sinalização para vias de comunicação",714219,665484.0
China,Vidro e suas obras,214807,106040.0
China,Zinco e suas obras,786082,2858225.0
China,Óleos essenciais e resinóides; produtos de perfumaria ou de toucador preparados e preparações cosméticas,31490343,32513457.0
Espanha,Adubos (fertilizantes),1080847,3401706.0
Espanha,"Aeronaves e aparelhos espaciais, e suas partes",205413148,331390769.0
Espanha,Algodão,58748,20788.0
Espanha,Alumínio e suas obras,6458363,16014312.0
Espanha,Animais vivos,22000,22000.0
Espanha,Armas e munições; suas partes e acessórios,488499,1171122.0
Espanha,Artigos de relojoaria,54325,52239.0
Espanha,Açúcares e produtos de confeitaria,50767456,126315511.0
Espanha,"Bebidas, líquidos alcoólicos e vinagres",867353,1040071.0
Espanha,Borracha e suas obras,5996061,5857655.0
Espanha,"Brinquedos, jogos, artigos para divertimento ou para esporte; suas partes e acessórios",721880,741973.0
Espanha,Cacau e suas preparações,36168,45771.0
Espanha,"Café, chá, mate e especiarias",370832314,437320692.0
Espanha,"Calçados, polainas e artefatos semelhantes; suas partes",25210711,40710847.0
Espanha,"Carnes e miudezas, comestíveis",145040333,212444795.0
Espanha,Cereais,179510166,259332202.0
Espanha,"Chapéus e artefatos de uso semelhante, e suas partes",19108,17457.0
Espanha,Chumbo e suas obras,1956332,7170139.0
Espanha,Cobre e suas obras,9526330,14311806.0
Espanha,"Combustíveis minerais, óleos minerais e produtos da sua destilação; matérias betuminosas; ceras minerais",5029049516,5800826743.0
Espanha,Embarcações e estruturas flutuantes,863281,3089633.0
Espanha,Estanho e suas obras,54375189,126315511.0
Espanha,Extratos tanantes e tintoriais; taninos e seus derivados; pigmentos e outras matérias corantes; tintas e vernizes; mástiques; tintas de escrever,1978349,2226588.0
Espanha,"Ferramentas, artefatos de cutelaria e talheres, e suas partes, de metais comuns",1516361,2480568.0
Espanha,"Ferro fundido, ferro e aço",75294884,90930212.0
Espanha,"Fibras sintéticas ou artificiais, descontínuas",25104,25104.0
Espanha,Filamentos sintéticos ou artificiais,299197,202490.0
Espanha,Frutas; cascas de frutos cítricos e de melões,136962519,147765942.0
Espanha,"Gomas, resinas e outros sucos e extratos vegetais",6486376,10174451.0
Espanha,Gorduras e óleos animais ou vegetais; produtos da sua dissociação; gorduras alimentares elaboradas; ceras de origem animal ou vegetal,21204642,45634802.0
Espanha,"Instrumentos e aparelhos de óptica, de fotografia, de cinematografia, de medida, de controle ou de precisão; instrumentos e aparelhos médico-cirúrgicos; suas partes e acessórios",14471345,15948978.0
Espanha,Instrumentos musicais; suas partes e acessórios,185005,232392.0
Espanha,"Leite e lacticínios; ovos de aves; mel natural; produtos comestíveis de origem animal, não especificados nem compreendidos noutros Capítulos",407210,458954.0
Espanha,"Livros, jornais, gravuras e outros produtos das indústrias gráficas; textos manuscritos ou datilografados, planos e plantas",696438,741973.0
Espanha,"Lã, pelos finos ou grosseiros; fios e tecidos de crina",42,10.0
Espanha,"Madeira, carvão vegetal e obras de madeira",50043792,62666137.0
Espanha,Matérias albuminóides; produtos à base de amidos ou de féculas modificados; colas; enzimas,3435680,3435680.0
Espanha,"Matérias para entrançar e outros produtos de origem vegetal, não especificados nem compreendidos noutros Capítulos",2305851,2160353.0
Espanha,"Minerios, escórias e cinzas",574005641,583114383.0
Espanha,"Máquinas, aparelhos e materiais elétricos, e suas partes; aparelhos de gravação ou de reprodução de som, aparelhos de gravação ou de reprodução de imagens e de som em televisão, e suas partes e acessórios",37028450,45890688.0
Espanha,"Móveis; mobiliário médico-cirúrgico, colchões, almofadas e semelhantes; aparelhos de iluminação não especificados nem compreendidos em outros capítulos; anúncios, cartazes ou tabuletas e placas indicadoras luminosos, e artigos semelhantes; Construções Pré",7079968,7195585.0
Espanha,Níquel e suas obras,507847,1778284.0
Espanha,"Objetos de arte, de coleção e antiguidades",5756811,15953196.0
Espanha,"Obras de couro; artigos de correeiro ou de seleiro; artigos de viagem, bolsas e artefatos semelhantes; obras de tripa",371296,665154.0
Espanha,Obras de espartaria ou de cestaria,8919,10554.0
Espanha,"Obras de ferro fundido, ferro ou aço",26021579,229928977.0
Espanha,"Obras de pedra, gesso, cimento, amianto, mica ou de matérias semelhantes",12578758,14241184.0
Espanha,Obras diversas,181627,441279.0
Espanha,Obras diversas de metais comuns,342991,3271882.0
Espanha,Outras fibras têxteis vegetais; fios de papel e tecidos de fios de papel,792944,718157.0
Espanha,"Outros artefatos têxteis confeccionados; sortidos; artefatos de matérias têxteis, calçados, chapéus e artefatos de uso semelhante, usados; trapos",134693,127180.0
Espanha,Outros metais comuns; ceramais (cermets); obras dessas matérias,21966,17746.0
Espanha,"Outros produtos de origem animal, não especificados nem compreendidos noutros Capítulos",9850449,11155851.0
Espanha,"Papel e cartão; obras de pasta de celulose, de papel ou de cartão",24655223,27368755.0
Espanha,"Pastas (ouates), feltros e falsos tecidos; fios especiais; cordéis, cordas e cabos; artigos de cordoaria",340338,318335.0
Espanha,Pastas de madeira ou de outras matérias fibrosas celulósicas; papel ou cartão para reciclar (desperdícios e aparas).,150045709,162623819.0
Espanha,"Peixes e crustáceos, moluscos e outros invertebrados aquáticos",3692,3692.0
Espanha,Peles com pelo e suas obras; peles com pelo artificiais,90505,151528.0
Espanha,"Peles, exceto as peles com pelo, e couros",10075569,15122323.0
Espanha,Plantas vivas e produtos de floricultura,164028,159142.0
Espanha,Plásticos e suas obras,37092603,41560282.0
Espanha,Preparações alimentícias diversas,5402182,5973267.0
Espanha,"Preparações de carne, de peixes ou de crustáceos, de moluscos ou de outros invertebrados aquáticos",1961317,1810663.0
Espanha,"Preparações de produtos hortícolas, de frutas ou de outras partes de plantas",24367987,32323022.0
Espanha,"Preparações à base de cereais, farinhas, amidos, féculas ou leite; produtos de pastelaria",522723,481583.0
Espanha,Produtos cerâmicos,2287982,2385727.0
Espanha,Produtos da indústria de moagem; malte; amidos e féculas; inulina; glúten de trigo,1500858,2619845.0
Espanha,Produtos diversos das indústrias químicas,30137872,34562901.0
Espanha,Produtos farmacêuticos,18479920,17011970.0
Espanha,"Produtos hortícolas, plantas, raízes e tubérculos, comestíveis.",177570,394921.0
Espanha,"Produtos químicos inorgânicos; compostos inorgânicos ou orgânicos de metais preciosos, de elementos radioativos, de metais das terras raras ou de isótopos",8046086,10146568.0
Espanha,Produtos químicos orgânicos,131504919,179954631.0
Espanha,"Pérolas naturais ou cultivadas, pedras preciosas ou semipreciosas e semelhantes, metais preciosos, metais folheados ou chapeados de metais preciosos (plaquê), e suas obras; bijuterias; moedas",2255980,2997383.0
Espanha,Pólvoras e explosivos; artigos de pirotecnia; fósforos; ligas pirofóricas; matérias inflamáveis,172823,266895.0
Espanha,"Reatores nucleares, caldeiras, máquinas, aparelhos e instrumentos mecânicos, e suas partes",57918651,64054411.0
Espanha,Resíduos e desperdícios das indústrias alimentares; alimentos preparados para animais,533079955,840266486.0
Espanha,"Sabões, agentes orgânicos de superfície, preparações para lavagem, preparações lubrificantes, ceras artificiais, ceras preparadas, produtos de conservação e limpeza, velas e artigos semelhantes, massas ou pastas para modelar, ""ceras"" para dentistas e Comp",336252,409666.0
Espanha,"Sal; enxofre; terras e pedras; gesso, cal e cimento",12894854,15569623.0
Espanha,"Sementes e frutos oleaginosos; grãos, sementes e frutos diversos; plantas industriais ou medicinais; palhas e forragens",1809718957,1809718957.0
Espanha,Tabaco e seus sucedâneos manufaturados,88585,104347.0
Espanha,"Tapetes e outros revestimentos para pisos (pavimentos), de matérias têxteis",4986,4986.0
Espanha,Tecidos de malha,38391,31318.0
Espanha,Tecidos especiais; tecidos tufados; rendas; tapeçarias; passamanarias; bordados.,2608,2511.0
Espanha,"Tecidos impregnados, revestidos, recobertos ou estratificados; artigos para usos técnicos de matérias têxteis",254954,439723.0
Espanha,"Vestuário e seus acessórios, de malha",718157,892523.0
Espanha,"Vestuário e seus acessórios, exceto de Malha",843052,1668337.0
Espanha,"Veículos automóveis, tratores, ciclos e outros veículos terrestres, suas partes e acessórios",2593640,2883930.0
Espanha,"Veículos e material para vias férreas ou semelhantes, e suas partes; aparelhos mecânicos (incluindo os eletromecânicos) de sinalização para vias de comunicação",118836,136940.0
Espanha,Vidro e suas obras,4007903,7512058.0
Espanha,Zinco e suas obras,653,345.0
Espanha,Óleos essenciais e resinóides; produtos de perfumaria ou de toucador preparados e preparações cosméticas,19592643,22252157.0
Estados Unidos,Adubos (fertilizantes),4079081,6999986.0
Estados Unidos,"Aeronaves e aparelhos espaciais, e suas partes",2688955941,3160817745.0
Estados Unidos,Algodão,2414466,2370342.0
Estados Unidos,Alumínio e suas obras,267129282,349880925.0
Estados Unidos,Animais vivos,5261061,5519848.0
Estados Unidos,Armas e munições; suas partes e acessórios,323875242,311333872.0
Estados Unidos,Artigos de relojoaria,848471,528252.0
Estados Unidos,Açúcares e produtos de confeitaria,678042332,894930419.0
Estados Unidos,"Bebidas, líquidos alcoólicos e vinagres",205360495,183116108.0
Estados Unidos,Borracha e suas obras,464815193,503798361.0
Estados Unidos,"Brinquedos, jogos, artigos para divertimento ou para esporte; suas partes e acessórios",8506617,10146568.0
Estados Unidos,Cacau e suas preparações,83989930,97296114.0
Estados Unidos,"Café, chá, mate e especiarias",1943460408,1587458886.0
Estados Unidos,"Calçados, polainas e artefatos semelhantes; suas partes",216952526,266954691.0
Estados Unidos,"Carnes e miudezas, comestíveis",1014964813,2216590143.0
Estados Unidos,Cereais,23273956,23169464.0
Estados Unidos,"Chapéus e artefatos de uso semelhante, e suas partes",796791,718157.0
Estados Unidos,Chumbo e suas obras,4318454,4927121.0
Estados Unidos,Cobre e suas obras,249209004,328225962.0
Estados Unidos,"Combustíveis minerais, óleos minerais e produtos da sua destilação; matérias betuminosas; ceras minerais",7664391582,7664391582.0
Estados Unidos,Cortiça e suas obras,11145,12942.0
Estados Unidos,Embarcações e estruturas flutuantes,44319777,66361591.0
Estados Unidos,Estanho e suas obras,77985661,91858694.0
Estados Unidos,Extratos tanantes e tintoriais; taninos e seus derivados; pigmentos e outras matérias corantes; tintas e vernizes; mástiques; tintas de escrever,15621664,15988343.0
Estados Unidos,"Ferramentas, artefatos de cutelaria e talheres, e suas partes, de metais comuns",101850710,111736985.0
Estados Unidos,"Ferro fundido, ferro e aço",5706398259,7664391582.0
Estados Unidos,"Fibras sintéticas ou artificiais, descontínuas",268671,193894.0
Estados Unidos,Filamentos sintéticos ou artificiais,1802343,1640536.0
Estados Unidos,Frutas; cascas de frutos cítricos e de melões,126453015,145040333.0
Estados Unidos,"Gomas, resinas e outros sucos e extratos vegetais",29679616,35023151.0
Estados Unidos,Gorduras e óleos animais ou vegetais; produtos da sua dissociação; gorduras alimentares elaboradas; ceras de origem animal ou vegetal,386232182,417144481.0
Estados Unidos,"Guarda-chuvas, sombrinhas, guarda-sóis, bengalas, bengalas-assentos, chicotes, pingalins, e suas partes",54875,151528.0
Estados Unidos,"Instrumentos e aparelhos de óptica, de fotografia, de cinematografia, de medida, de controle ou de precisão; instrumentos e aparelhos médico-cirúrgicos; suas partes e acessórios",349880925,437320692.0
Estados Unidos,Instrumentos musicais; suas partes e acessórios,1870752,1963234.0
Estados Unidos,"Leite e lacticínios; ovos de aves; mel natural; produtos comestíveis de origem animal, não especificados nem compreendidos noutros Capítulos",97296114,120471867.0
Estados Unidos,"Livros, jornais, gravuras e outros produtos das indústrias gráficas; textos manuscritos ou datilografados, planos e plantas",10331183,14289818.0
Estados Unidos,"Lã, pelos finos ou grosseiros; fios e tecidos de crina",445875,407210.0
Estados Unidos,"Madeira, carvão vegetal e obras de madeira",1587458886,1448979957.0
Estados Unidos,Matérias albuminóides; produtos à base de amidos ou de féculas modificados; colas; enzimas,257406834,289928115.0
Estados Unidos,"Matérias para entrançar e outros produtos de origem vegetal, não especificados nem compreendidos noutros Capítulos",616106,3271882.0
Estados Unidos,"Minerios, escórias e cinzas",397535142,519262794.0
Estados Unidos,"Máquinas, aparelhos e materiais elétricos, e suas partes; aparelhos de gravação ou de reprodução de som, aparelhos de gravação ou de reprodução de imagens e de som em televisão, e suas partes e acessórios",1405931851,1505096060.0
Estados Unidos,"Móveis; mobiliário médico-cirúrgico, colchões, almofadas e semelhantes; aparelhos de iluminação não especificados nem compreendidos em outros capítulos; anúncios, cartazes ou tabuletas e placas indicadoras luminosos, e artigos semelhantes; Construções Pré",253584149,242938370.0
Estados Unidos,Níquel e suas obras,19399835,17011970.0
Estados Unidos,"Objetos de arte, de coleção e antiguidades",129282753,176774221.0
Estados Unidos,"Obras de couro; artigos de correeiro ou de seleiro; artigos de viagem, bolsas e artefatos semelhantes; obras de tripa",15751842,14466286.0
Estados Unidos,Obras de espartaria ou de cestaria,104347,71649.0
Estados Unidos,"Obras de ferro fundido, ferro ou aço",392260569,531011408.0
Estados Unidos,"Obras de pedra, gesso, cimento, amianto, mica ou de matérias semelhantes",802734219,980035400.0
Estados Unidos,Obras diversas,45890688,45534190.0
Estados Unidos,Obras diversas de metais comuns,9631106,14190954.0
Estados Unidos,Outras fibras têxteis vegetais; fios de papel e tecidos de fios de papel,4649275,4053156.0
Estados Unidos,"Outros artefatos têxteis confeccionados; sortidos; artefatos de matérias têxteis, calçados, chapéus e artefatos de uso semelhante, usados; trapos",4294197,3150675.0
Estados Unidos,Outros metais comuns; ceramais (cermets); obras dessas matérias,121163129,157253685.0
Estados Unidos,"Outros produtos de origem animal, não especificados nem compreendidos noutros Capítulos",135106599,147765942.0
Estados Unidos,"Papel e cartão; obras de pasta de celulose, de papel ou de cartão",266954691,365735624.0
Estados Unidos,"Pastas (ouates), feltros e falsos tecidos; fios especiais; cordéis, cordas e cabos; artigos de cordoaria",15738010,14471345.0
Estados Unidos,Pastas de madeira ou de outras matérias fibrosas celulósicas; papel ou cartão para reciclar (desperdícios e aparas).,1674070690,1587458886.0
Estados Unidos,"Peixes e crustáceos, moluscos e outros invertebrados aquáticos",223997753,266954691.0
Estados Unidos,Peles com pelo e suas obras; peles com pelo artificiais,13442394,11828920.0
Estados Unidos,"Peles, exceto as peles com pelo, e couros",166745706,150502775.0
Estados Unidos,Penas e penugem preparadas e suas obras; flores artificiais; obras de cabelo,243576,260917.0
Estados Unidos,Plantas vivas e produtos de floricultura,3091213,4181860.0
Estados Unidos,Plásticos e suas obras,259888142,242938370.0
Estados Unidos,Preparações alimentícias diversas,329005744,365735624.0
Estados Unidos,"Preparações de carne, de peixes ou de crustáceos, de moluscos ou de outros invertebrados aquáticos",397156869,503798361.0
Estados Unidos,"Preparações de produtos hortícolas, de frutas ou de outras partes de plantas",1244518772,1750873217.0
Estados Unidos,"Preparações à base de cereais, farinhas, amidos, féculas ou leite; produtos de pastelaria",80739898,89721119.0
Estados Unidos,Produtos cerâmicos,133245901,133245901.0
Estados Unidos,Produtos da indústria de moagem; malte; amidos e féculas; inulina; glúten de trigo,34250239,41560282.0
Estados Unidos,Produtos diversos das indústrias químicas,126668827,128183494.0
Estados Unidos,Produtos farmacêuticos,145132926,150502775.0
Estados Unidos,"Produtos hortícolas, plantas, raízes e tubérculos, comestíveis.",15569623,19414065.0
Estados Unidos,Produtos para fotografia e cinematografia,8426405,16612316.0
Estados Unidos,"Produtos químicos inorgânicos; compostos inorgânicos ou orgânicos de metais preciosos, de elementos radioativos, de metais das terras raras ou de isótopos",878776764,1178772010.0
Estados Unidos,Produtos químicos orgânicos,439295935,584683761.0
Estados Unidos,"Pérolas naturais ou cultivadas, pedras preciosas ou semipreciosas e semelhantes, metais preciosos, metais folheados ou chapeados de metais preciosos (plaquê), e suas obras; bijuterias; moedas",308255344,316598676.0
Estados Unidos,Pólvoras e explosivos; artigos de pirotecnia; fósforos; ligas pirofóricas; matérias inflamáveis,12810572,16241962.0
Estados Unidos,"Reatores nucleares, caldeiras, máquinas, aparelhos e instrumentos mecânicos, e suas partes",3645973297,5029049516.0
Estados Unidos,Resíduos e desperdícios das indústrias alimentares; alimentos preparados para animais,48787767,62666137.0
Estados Unidos,"Sabões, agentes orgânicos de superfície, preparações para lavagem, preparações lubrificantes, ceras artificiais, ceras preparadas, produtos de conservação e limpeza, velas e artigos semelhantes, massas ou pastas para modelar, ""ceras"" para dentistas e Comp",14311806,18603984.0
Estados Unidos,"Sal; enxofre; terras e pedras; gesso, cal e cimento",58134901,63209088.0
Estados Unidos,Seda,294093,3979757.0
Estados Unidos,"Sementes e frutos oleaginosos; grãos, sementes e frutos diversos; plantas industriais ou medicinais; palhas e forragens",74134821,517138305.0
Estados Unidos,Tabaco e seus sucedâneos manufaturados,255026250,291025748.0
Estados Unidos,"Tapetes e outros revestimentos para pisos (pavimentos), de matérias têxteis",1730373,2102320.0
Estados Unidos,Tecidos de malha,5989594,5989594.0
Estados Unidos,Tecidos especiais; tecidos tufados; rendas; tapeçarias; passamanarias; bordados.,1951097,2102320.0
Estados Unidos,"Tecidos impregnados, revestidos, recobertos ou estratificados; artigos para usos técnicos de matérias têxteis",6702342,7032487.0
Estados Unidos,"Vestuário e seus acessórios, de malha",14701427,16874515.0
Estados Unidos,"Vestuário e seus acessórios, exceto de Malha",7589548,7992487.0
Estados Unidos,"Veículos automóveis, tratores, ciclos e outros veículos terrestres, suas partes e acessórios",633171731,821361188.0
Estados Unidos,"Veículos e material para vias férreas ou semelhantes, e suas partes; aparelhos mecânicos (incluindo os eletromecânicos) de sinalização para vias de comunicação",31188941,42819355.0
Estados Unidos,Vidro e suas obras,31266600,39095982.0
Estados Unidos,Zinco e suas obras,71087262,517138305.0
Estados Unidos,Óleos essenciais e resinóides; produtos de perfumaria ou de toucador preparados e preparações cosméticas,304525896,365735624.0
Japão,Adubos (fertilizantes),292742,336252.0
Japão,"Aeronaves e aparelhos espaciais, e suas partes",434643,488401.0
Japão,Algodão,3951528,4438355.0
Japão,Alumínio e suas obras,387386578,437320692.0
Japão,Animais vivos,226778,371296.0
Japão,Artigos de relojoaria,14301,14301.0
Japão,Açúcares e produtos de confeitaria,2236471,2577815.0
Japão,"Bebidas, líquidos alcoólicos e vinagres",37500013,54750261.0
Japão,Borracha e suas obras,11813075,15363188.0
Japão,"Brinquedos, jogos, artigos para divertimento ou para esporte; suas partes e acessórios",65401,65401.0
Japão,Cacau e suas preparações,895579,718157.0
Japão,"Café, chá, mate e especiarias",563007792,880280103.0
Japão,"Calçados, polainas e artefatos semelhantes; suas partes",2343411,2246415.0
Japão,"Carnes e miudezas, comestíveis",1163872847,1414822209.0
Japão,Cereais,515368763,840266486.0
Japão,"Chapéus e artefatos de uso semelhante, e suas partes",4893,5034.0
Japão,Cobre e suas obras,621688,3271882.0
Japão,"Combustíveis minerais, óleos minerais e produtos da sua destilação; matérias betuminosas; ceras minerais",10031412,24427933.0
Japão,Embarcações e estruturas flutuantes,873,641.0
Japão,Estanho e suas obras,2818911,21668380.0
Japão,Extratos tanantes e tintoriais; taninos e seus derivados; pigmentos e outras matérias corantes; tintas e vernizes; mástiques; tintas de escrever,1701401,2226588.0
Japão,"Ferramentas, artefatos de cutelaria e talheres, e suas partes, de metais comuns",2246415,2246415.0
Japão,"Ferro fundido, ferro e aço",327462979,395875957.0
Japão,"Fibras sintéticas ou artificiais, descontínuas",860,860.0
Japão,Filamentos sintéticos ou artificiais,260917,205633.0
Japão,Frutas; cascas de frutos cítricos e de melões,621113,1006766.0
Japão,"Gomas, resinas e outros sucos e extratos vegetais",983619,942219.0
Japão,Gorduras e óleos animais ou vegetais; produtos da sua dissociação; gorduras alimentares elaboradas; ceras de origem animal ou vegetal,37945837,41560282.0
Japão,"Guarda-chuvas, sombrinhas, guarda-sóis, bengalas, bengalas-assentos, chicotes, pingalins, e suas partes",148,148.0
Japão,"Instrumentos e aparelhos de óptica, de fotografia, de cinematografia, de medida, de controle ou de precisão; instrumentos e aparelhos médico-cirúrgicos; suas partes e acessórios",3897711,4438355.0
Japão,Instrumentos musicais; suas partes e acessórios,265324,205633.0
Japão,"Leite e lacticínios; ovos de aves; mel natural; produtos comestíveis de origem animal, não especificados nem compreendidos noutros Capítulos",5000164,7785816.0
Japão,"Livros, jornais, gravuras e outros produtos das indústrias gráficas; textos manuscritos ou datilografados, planos e plantas",1253563,1501978.0
Japão,"Madeira, carvão vegetal e obras de madeira",38335911,37945837.0
Japão,Matérias albuminóides; produtos à base de amidos ou de féculas modificados; colas; enzimas,10206846,12540542.0
Japão,"Matérias para entrançar e outros produtos de origem vegetal, não especificados nem compreendidos noutros Capítulos",4974605,7356634.0
Japão,"Minerios, escórias e cinzas",1009661549,1296852901.0
Japão,"Máquinas, aparelhos e materiais elétricos, e suas partes; aparelhos de gravação ou de reprodução de som, aparelhos de gravação ou de reprodução de imagens e de som em televisão, e suas partes e acessórios",57984056,115016073.0
Japão,"Móveis; mobiliário médico-cirúrgico, colchões, almofadas e semelhantes; aparelhos de iluminação não especificados nem compreendidos em outros capítulos; anúncios, cartazes ou tabuletas e placas indicadoras luminosos, e artigos semelhantes; Construções Pré",2102502,4115395.0
Japão,"Objetos de arte, de coleção e antiguidades",410469,1016328.0
Japão,"Obras de couro; artigos de correeiro ou de seleiro; artigos de viagem, bolsas e artefatos semelhantes; obras de tripa",459128,596905.0
Japão,Obras de espartaria ou de cestaria,10260,10260.0
Japão,"Obras de ferro fundido, ferro ou aço",7356634,9347970.0
Japão,"Obras de pedra, gesso, cimento, amianto, mica ou de matérias semelhantes",884241,718157.0
Japão,Obras diversas,108480,147878.0
Japão,Obras diversas de metais comuns,205633,441279.0
Japão,Outras fibras têxteis vegetais; fios de papel e tecidos de fios de papel,26,26.0
Japão,"Outros artefatos têxteis confeccionados; sortidos; artefatos de matérias têxteis, calçados, chapéus e artefatos de uso semelhante, usados; trapos",605781,605781.0
Japão,Outros metais comuns; ceramais (cermets); obras dessas matérias,17318775,34511472.0
Japão,"Outros produtos de origem animal, não especificados nem compreendidos noutros Capítulos",31570045,40443611.0
Japão,"Papel e cartão; obras de pasta de celulose, de papel ou de cartão",136940,237097.0
Japão,"Pastas (ouates), feltros e falsos tecidos; fios especiais; cordéis, cordas e cabos; artigos de cordoaria",71649,217393.0
Japão,Pastas de madeira ou de outras matérias fibrosas celulósicas; papel ou cartão para reciclar (desperdícios e aparas).,140237696,147765942.0
Japão,"Peixes e crustáceos, moluscos e outros invertebrados aquáticos",4209531,5638570.0
Japão,"Peles, exceto as peles com pelo, e couros",961951,1253563.0
Japão,Plantas vivas e produtos de floricultura,202490,441279.0
Japão,Plásticos e suas obras,98196709,126655352.0
Japão,Preparações alimentícias diversas,37572286,38526085.0
Japão,"Preparações de carne, de peixes ou de crustáceos, de moluscos ou de outros invertebrados aquáticos",28528105,35618486.0
Japão,"Preparações de produtos hortícolas, de frutas ou de outras partes de plantas",149597085,158259164.0
Japão,"Preparações à base de cereais, farinhas, amidos, féculas ou leite; produtos de pastelaria",2120034,2577815.0
Japão,Produtos cerâmicos,154469,223574.0
Japão,Produtos da indústria de moagem; malte; amidos e féculas; inulina; glúten de trigo,493091,481583.0
Japão,Produtos diversos das indústrias químicas,30005723,30005723.0
Japão,Produtos farmacêuticos,10290143,12540542.0
Japão,"Produtos hortícolas, plantas, raízes e tubérculos, comestíveis.",1498033,1600726.0
Japão,Produtos para fotografia e cinematografia,137,130.0
Japão,"Produtos químicos inorgânicos; compostos inorgânicos ou orgânicos de metais preciosos, de elementos radioativos, de metais das terras raras ou de isótopos",95942520,120471867.0
Japão,Produtos químicos orgânicos,72993362,89721119.0
Japão,"Pérolas naturais ou cultivadas, pedras preciosas ou semipreciosas e semelhantes, metais preciosos, metais folheados ou chapeados de metais preciosos (plaquê), e suas obras; bijuterias; moedas",17314841,26021579.0
Japão,Pólvoras e explosivos; artigos de pirotecnia; fósforos; ligas pirofóricas; matérias inflamáveis,743,4309190.0
Japão,"Reatores nucleares, caldeiras, máquinas, aparelhos e instrumentos mecânicos, e suas partes",83746959,97296114.0
Japão,Resíduos e desperdícios das indústrias alimentares; alimentos preparados para animais,158078081,177889883.0
Japão,"Sabões, agentes orgânicos de superfície, preparações para lavagem, preparações lubrificantes, ceras artificiais, ceras preparadas, produtos de conservação e limpeza, velas e artigos semelhantes, massas ou pastas para modelar, ""ceras"" para dentistas e Comp",6950937,18790195.0
Japão,"Sal; enxofre; terras e pedras; gesso, cal e cimento",8474675,10146568.0
Japão,Seda,5670478,5989594.0
Japão,"Sementes e frutos oleaginosos; grãos, sementes e frutos diversos; plantas industriais ou medicinais; palhas e forragens",335260254,395875957.0
Japão,Tabaco e seus sucedâneos manufaturados,279594,3271882.0
Japão,"Tapetes e outros revestimentos para pisos (pavimentos), de matérias têxteis",18503,18503.0
Japão,Tecidos de malha,1831,1946.0
Japão,Tecidos especiais; tecidos tufados; rendas; tapeçarias; passamanarias; bordados.,11282,12999.0
Japão,"Tecidos impregnados, revestidos, recobertos ou estratificados; artigos para usos técnicos de matérias têxteis",140081,159142.0
Japão,"Vestuário e seus acessórios, de malha",622205,594944.0
Japão,"Vestuário e seus acessórios, exceto de Malha",342158,313954.0
Japão,"Veículos automóveis, tratores, ciclos e outros veículos terrestres, suas partes e acessórios",13487311,16874515.0
Japão,Vidro e suas obras,572859,920131.0
Japão,Zinco e suas obras,714,1438.0
Japão,Óleos essenciais e resinóides; produtos de perfumaria ou de toucador preparados e preparações cosméticas,6866234,8004146.0
México,Adubos (fertilizantes),4375037,6002174.0
México,"Aeronaves e aparelhos espaciais, e suas partes",860645,3401706.0
México,Algodão,6463302,6947946.0
México,Alumínio e suas obras,52937721,68413032.0
México,Animais vivos,38130,142679.0
México,Armas e munições; suas partes e acessórios,650575,3271882.0
México,Artigos de relojoaria,65029,59269.0
México,Açúcares e produtos de confeitaria,100425762,517138305.0
México,"Bebidas, líquidos alcoólicos e vinagres",504668,275293.0
México,Borracha e suas obras,183116108,224181087.0
México,"Brinquedos, jogos, artigos para divertimento ou para esporte; suas partes e acessórios",646612,659193.0
México,Cacau e suas preparações,6501961,9606360.0
México,"Café, chá, mate e especiarias",277366050,514326894.0
México,"Calçados, polainas e artefatos semelhantes; suas partes",23198249,30010920.0
México,"Carnes e miudezas, comestíveis",880280103,1845626119.0
México,Cereais,27787609,52546904.0
México,"Chapéus e artefatos de uso semelhante, e suas partes",7124,6995.0
México,Cobre e suas obras,29684917,49714109.0
México,"Combustíveis minerais, óleos minerais e produtos da sua destilação; matérias betuminosas; ceras minerais",23169464,34250239.0
México,Cortiça e suas obras,457,457.0
México,Embarcações e estruturas flutuantes,444626,786403.0
México,Estanho e suas obras,16241962,23944067.0
México,Extratos tanantes e tintoriais; taninos e seus derivados; pigmentos e outras matérias corantes; tintas e vernizes; mástiques; tintas de escrever,20848871,22755462.0
México,"Ferramentas, artefatos de cutelaria e talheres, e suas partes, de metais comuns",35058528,41560282.0
México,"Ferro fundido, ferro e aço",346029431,417144481.0
México,"Fibras sintéticas ou artificiais, descontínuas",603725,950476.0
México,Filamentos sintéticos ou artificiais,3006661,3091213.0
México,Frutas; cascas de frutos cítricos e de melões,942320,879654.0
México,"Gomas, resinas e outros sucos e extratos vegetais",6749686,9675244.0
México,Gorduras e óleos animais ou vegetais; produtos da sua dissociação; gorduras alimentares elaboradas; ceras de origem animal ou vegetal,12573370,15137979.0
México,"Guarda-chuvas, sombrinhas, guarda-sóis, bengalas, bengalas-assentos, chicotes, pingalins, e suas partes",22185,22185.0
México,"Instrumentos e aparelhos de óptica, de fotografia, de cinematografia, de medida, de controle ou de precisão; instrumentos e aparelhos médico-cirúrgicos; suas partes e acessórios",50083024,57918651.0
México,Instrumentos musicais; suas partes e acessórios,37672,22066.0
México,"Leite e lacticínios; ovos de aves; mel natural; produtos comestíveis de origem animal, não especificados nem compreendidos noutros Capítulos",44492621,82310739.0
México,"Livros, jornais, gravuras e outros produtos das indústrias gráficas; textos manuscritos ou datilografados, planos e plantas",7209558,8004146.0
México,"Madeira, carvão vegetal e obras de madeira",317998337,354929477.0
México,Matérias albuminóides; produtos à base de amidos ou de féculas modificados; colas; enzimas,32593032,38335911.0
México,"Matérias para entrançar e outros produtos de origem vegetal, não especificados nem compreendidos noutros Capítulos",15203,15203.0
México,"Minerios, escórias e cinzas",231056471,250567549.0
México,"Máquinas, aparelhos e materiais elétricos, e suas partes; aparelhos de gravação ou de reprodução de som, aparelhos de gravação ou de reprodução de imagens e de som em televisão, e suas partes e acessórios",263225955,289928115.0
México,"Móveis; mobiliário médico-cirúrgico, colchões, almofadas e semelhantes; aparelhos de iluminação não especificados nem compreendidos em outros capítulos; anúncios, cartazes ou tabuletas e placas indicadoras luminosos, e artigos semelhantes; Construções Pré",29364934,38512902.0
México,Níquel e suas obras,4461489,5992638.0
México,"Objetos de arte, de coleção e antiguidades",2406765,9991852.0
México,"Obras de couro; artigos de correeiro ou de seleiro; artigos de viagem, bolsas e artefatos semelhantes; obras de tripa",4181860,6914232.0
México,Obras de espartaria ou de cestaria,18769,2693034.0
México,"Obras de ferro fundido, ferro ou aço",107705763,155137934.0
México,"Obras de pedra, gesso, cimento, amianto, mica ou de matérias semelhantes",69532824,77985661.0
México,Obras diversas,5992638,6947946.0
México,Obras diversas de metais comuns,4986099,10328507.0
México,Outras fibras têxteis vegetais; fios de papel e tecidos de fios de papel,1439360,1200047.0
México,"Outros artefatos têxteis confeccionados; sortidos; artefatos de matérias têxteis, calçados, chapéus e artefatos de uso semelhante, usados; trapos",1051189,1253563.0
México,Outros metais comuns; ceramais (cermets); obras dessas matérias,112498,110641.0
México,"Outros produtos de origem animal, não especificados nem compreendidos noutros Capítulos",1130,1130.0
México,"Papel e cartão; obras de pasta de celulose, de papel ou de cartão",200456085,259332202.0
México,"Pastas (ouates), feltros e falsos tecidos; fios especiais; cordéis, cordas e cabos; artigos de cordoaria",4481086,5125573.0
México,Pastas de madeira ou de outras matérias fibrosas celulósicas; papel ou cartão para reciclar (desperdícios e aparas).,25658109,35811238.0
México,"Peixes e crustáceos, moluscos e outros invertebrados aquáticos",902101,1770906.0
México,Peles com pelo e suas obras; peles com pelo artificiais,83351,107567.0
México,"Peles, exceto as peles com pelo, e couros",67272637,77985661.0
México,Plantas vivas e produtos de floricultura,718,718.0
México,Plásticos e suas obras,133153289,147765942.0
México,Preparações alimentícias diversas,51421210,115016073.0
México,"Preparações de carne, de peixes ou de crustáceos, de moluscos ou de outros invertebrados aquáticos",1866790,3546575.0
México,"Preparações de produtos hortícolas, de frutas ou de outras partes de plantas",4713289,7512058.0
México,"Preparações à base de cereais, farinhas, amidos, féculas ou leite; produtos de pastelaria",15656140,19414065.0
México,Produtos cerâmicos,8390051,10146568.0
México,Produtos da indústria de moagem; malte; amidos e féculas; inulina; glúten de trigo,2591469,2599271.0
México,Produtos diversos das indústrias químicas,73499105,89721119.0
México,Produtos farmacêuticos,84611898,75185353.0
México,"Produtos hortícolas, plantas, raízes e tubérculos, comestíveis.",29066866,229928977.0
México,Produtos para fotografia e cinematografia,5072007,5125573.0
México,"Produtos químicos inorgânicos; compostos inorgânicos ou orgânicos de metais preciosos, de elementos radioativos, de metais das terras raras ou de isótopos",39933386,41560282.0
México,Produtos químicos orgânicos,101473877,126655352.0
México,"Pérolas naturais ou cultivadas, pedras preciosas ou semipreciosas e semelhantes, metais preciosos, metais folheados ou chapeados de metais preciosos (plaquê), e suas obras; bijuterias; moedas",3013178,4181860.0
México,Pólvoras e explosivos; artigos de pirotecnia; fósforos; ligas pirofóricas; matérias inflamáveis,1841593,4095242.0
México,"Reatores nucleares, caldeiras, máquinas, aparelhos e instrumentos mecânicos, e suas partes",1196225490,1405931851.0
México,Resíduos e desperdícios das indústrias alimentares; alimentos preparados para animais,16705841,26021579.0
México,"Sabões, agentes orgânicos de superfície, preparações para lavagem, preparações lubrificantes, ceras artificiais, ceras preparadas, produtos de conservação e limpeza, velas e artigos semelhantes, massas ou pastas para modelar, ""ceras"" para dentistas e Comp",19735886,18440583.0
México,"Sal; enxofre; terras e pedras; gesso, cal e cimento",14980183,19414065.0
México,"Sementes e frutos oleaginosos; grãos, sementes e frutos diversos; plantas industriais ou medicinais; palhas e forragens",725999176,878776764.0
México,Tabaco e seus sucedâneos manufaturados,7810641,14259683.0
México,"Tapetes e outros revestimentos para pisos (pavimentos), de matérias têxteis",193894,279594.0
México,Tecidos de malha,4115395,5362179.0
México,Tecidos especiais; tecidos tufados; rendas; tapeçarias; passamanarias; bordados.,8214489,8689202.0
México,"Tecidos impregnados, revestidos, recobertos ou estratificados; artigos para usos técnicos de matérias têxteis",6209705,9364298.0
México,"Vestuário e seus acessórios, de malha",1924068,3688836.0
México,"Vestuário e seus acessórios, exceto de Malha",1027046,1204262.0
México,"Veículos automóveis, tratores, ciclos e outros veículos terrestres, suas partes e acessórios",1565684776,1587458886.0
México,"Veículos e material para vias férreas ou semelhantes, e suas partes; aparelhos mecânicos (incluindo os eletromecânicos) de sinalização para vias de comunicação",1587854,2165092.0
México,Vidro e suas obras,19159806,17011970.0
México,Zinco e suas obras,6908,6032.0
México,Óleos essenciais e resinóides; produtos de perfumaria ou de toucador preparados e preparações cosméticas,118724243,126891272.0
Países Baixos (Holanda),Adubos (fertilizantes),142679,529432.0
Países Baixos (Holanda),"Aeronaves e aparelhos espaciais, e suas partes",142743683,277366050.0
Países Baixos (Holanda),Algodão,1812167,1591001.0
Países Baixos (Holanda),Alumínio e suas obras,146420266,517138305.0
Países Baixos (Holanda),Animais vivos,20100,22185.0
Países Baixos (Holanda),Armas e munições; suas partes e acessórios,24623202,82310739.0
Países Baixos (Holanda),Artigos de relojoaria,7760,7760.0
Países Baixos (Holanda),Açúcares e produtos de confeitaria,28244840,36868267.0
Países Baixos (Holanda),"Bebidas, líquidos alcoólicos e vinagres",94218434,182322319.0
Países Baixos (Holanda),Borracha e suas obras,10109716,10109716.0
Países Baixos (Holanda),"Brinquedos, jogos, artigos para divertimento ou para esporte; suas partes e acessórios",62244,65401.0
Países Baixos (Holanda),Cacau e suas preparações,76128180,182322319.0
Países Baixos (Holanda),"Café, chá, mate e especiarias",382862296,463178744.0
Países Baixos (Holanda),"Calçados, polainas e artefatos semelhantes; suas partes",15136011,17426873.0
Países Baixos (Holanda),"Carnes e miudezas, comestíveis",559304092,976139162.0
Países Baixos (Holanda),Cereais,51260644,62666137.0
Países Baixos (Holanda),"Chapéus e artefatos de uso semelhante, e suas partes",39361,22000.0
Países Baixos (Holanda),Cobre e suas obras,1777366,3364499.0
Países Baixos (Holanda),"Combustíveis minerais, óleos minerais e produtos da sua destilação; matérias betuminosas; ceras minerais",3436918086,5029049516.0
Países Baixos (Holanda),Embarcações e estruturas flutuantes,347471,399652.0
Países Baixos (Holanda),Estanho e suas obras,92474641,277366050.0
Países Baixos (Holanda),Extratos tanantes e tintoriais; taninos e seus derivados; pigmentos e outras matérias corantes; tintas e vernizes; mástiques; tintas de escrever,1042504,1253563.0
Países Baixos (Holanda),"Ferramentas, artefatos de cutelaria e talheres, e suas partes, de metais comuns",20783745,21024165.0
Países Baixos (Holanda),"Ferro fundido, ferro e aço",813066921,1051395495.0
Países Baixos (Holanda),"Fibras sintéticas ou artificiais, descontínuas",4620,5146.0
Países Baixos (Holanda),Filamentos sintéticos ou artificiais,3271882,9991852.0
Países Baixos (Holanda),Frutas; cascas de frutos cítricos e de melões,503798361,563007792.0
Países Baixos (Holanda),"Gomas, resinas e outros sucos e extratos vegetais",868623,2165092.0
Países Baixos (Holanda),Gorduras e óleos animais ou vegetais; produtos da sua dissociação; gorduras alimentares elaboradas; ceras de origem animal ou vegetal,22088622,34250239.0
Países Baixos (Holanda),"Guarda-chuvas, sombrinhas, guarda-sóis, bengalas, bengalas-assentos, chicotes, pingalins, e suas partes",130,130.0
Países Baixos (Holanda),"Instrumentos e aparelhos de óptica, de fotografia, de cinematografia, de medida, de controle ou de precisão; instrumentos e aparelhos médico-cirúrgicos; suas partes e acessórios",64602295,101154722.0
Países Baixos (Holanda),Instrumentos musicais; suas partes e acessórios,64290,64290.0
Países Baixos (Holanda),"Leite e lacticínios; ovos de aves; mel natural; produtos comestíveis de origem animal, não especificados nem compreendidos noutros Capítulos",93709,88585.0
Países Baixos (Holanda),"Livros, jornais, gravuras e outros produtos das indústrias gráficas; textos manuscritos ou datilografados, planos e plantas",172402,902101.0
Países Baixos (Holanda),"Madeira, carvão vegetal e obras de madeira",53903588,53903588.0
Países Baixos (Holanda),Matérias albuminóides; produtos à base de amidos ou de féculas modificados; colas; enzimas,27007250,31490343.0
Países Baixos (Holanda),"Matérias para entrançar e outros produtos de origem vegetal, não especificados nem compreendidos noutros Capítulos",54,765.0
Países Baixos (Holanda),"Minerios, escórias e cinzas",823093832,951567401.0
Países Baixos (Holanda),"Máquinas, aparelhos e materiais elétricos, e suas partes; aparelhos de gravação ou de reprodução de som, aparelhos de gravação ou de reprodução de imagens e de som em televisão, e suas partes e acessórios",8091625,8046086.0
Países Baixos (Holanda),"Móveis; mobiliário médico-cirúrgico, colchões, almofadas e semelhantes; aparelhos de iluminação não especificados nem compreendidos em outros capítulos; anúncios, cartazes ou tabuletas e placas indicadoras luminosos, e artigos semelhantes; Construções Pré",12890521,11828920.0
Países Baixos (Holanda),Níquel e suas obras,6914232,9364298.0
Países Baixos (Holanda),"Objetos de arte, de coleção e antiguidades",57874,137782.0
Países Baixos (Holanda),"Obras de couro; artigos de correeiro ou de seleiro; artigos de viagem, bolsas e artefatos semelhantes; obras de tripa",362946,433881.0
Países Baixos (Holanda),Obras de espartaria ou de cestaria,12345,9050.0
Países Baixos (Holanda),"Obras de ferro fundido, ferro ou aço",3386182,2606883.0
Países Baixos (Holanda),"Obras de pedra, gesso, cimento, amianto, mica ou de matérias semelhantes",6033026,14350929.0
Países Baixos (Holanda),Obras diversas,56173,71649.0
Países Baixos (Holanda),Obras diversas de metais comuns,82496,62244.0
Países Baixos (Holanda),Outras fibras têxteis vegetais; fios de papel e tecidos de fios de papel,11483,11452.0
Países Baixos (Holanda),"Outros artefatos têxteis confeccionados; sortidos; artefatos de matérias têxteis, calçados, chapéus e artefatos de uso semelhante, usados; trapos",1345526,2066383.0
Países Baixos (Holanda),Outros metais comuns; ceramais (cermets); obras dessas matérias,75289576,91858694.0
Países Baixos (Holanda),"Outros produtos de origem animal, não especificados nem compreendidos noutros Capítulos",20985565,34362129.0
Países Baixos (Holanda),"Papel e cartão; obras de pasta de celulose, de papel ou de cartão",221804,902101.0
Países Baixos (Holanda),"Pastas (ouates), feltros e falsos tecidos; fios especiais; cordéis, cordas e cabos; artigos de cordoaria",1593412,1841220.0
Países Baixos (Holanda),Pastas de madeira ou de outras matérias fibrosas celulósicas; papel ou cartão para reciclar (desperdícios e aparas).,877302796,1057529528.0
Países Baixos (Holanda),"Peixes e crustáceos, moluscos e outros invertebrados aquáticos",43553,62244.0
Países Baixos (Holanda),Peles com pelo e suas obras; peles com pelo artificiais,1200047,1200047.0
Países Baixos (Holanda),"Peles, exceto as peles com pelo, e couros",8108395,8689202.0
Países Baixos (Holanda),Plantas vivas e produtos de floricultura,3108621,2502101.0
Países Baixos (Holanda),Plásticos e suas obras,16810358,18979324.0
Países Baixos (Holanda),Preparações alimentícias diversas,80624512,116647663.0
Países Baixos (Holanda),"Preparações de carne, de peixes ou de crustáceos, de moluscos ou de outros invertebrados aquáticos",149959495,158259164.0
Países Baixos (Holanda),"Preparações de produtos hortícolas, de frutas ou de outras partes de plantas",840266486,951567401.0
Países Baixos (Holanda),"Preparações à base de cereais, farinhas, amidos, féculas ou leite; produtos de pastelaria",915683,942219.0
Países Baixos (Holanda),Produtos cerâmicos,931041,1140586.0
Países Baixos (Holanda),Produtos da indústria de moagem; malte; amidos e féculas; inulina; glúten de trigo,3149384,3379383.0
Países Baixos (Holanda),Produtos diversos das indústrias químicas,64888080,115029434.0
Países Baixos (Holanda),Produtos farmacêuticos,2848816,5072007.0
Países Baixos (Holanda),"Produtos hortícolas, plantas, raízes e tubérculos, comestíveis.",6208062,7901478.0
Países Baixos (Holanda),Produtos para fotografia e cinematografia,36117,108480.0
Países Baixos (Holanda),"Produtos químicos inorgânicos; compostos inorgânicos ou orgânicos de metais preciosos, de elementos radioativos, de metais das terras raras ou de isótopos",106278382,165478257.0
Países Baixos (Holanda),Produtos químicos orgânicos,206877673,271718419.0
Países Baixos (Holanda),"Pérolas naturais ou cultivadas, pedras preciosas ou semipreciosas e semelhantes, metais preciosos, metais folheados ou chapeados de metais preciosos (plaquê), e suas obras; bijuterias; moedas",6328953,18790195.0
Países Baixos (Holanda),Pólvoras e explosivos; artigos de pirotecnia; fósforos; ligas pirofóricas; matérias inflamáveis,2021,2383.0
Países Baixos (Holanda),"Reatores nucleares, caldeiras, máquinas, aparelhos e instrumentos mecânicos, e suas partes",64054411,55765771.0
Países Baixos (Holanda),Resíduos e desperdícios das indústrias alimentares; alimentos preparados para animais,960193225,1098859168.0
Países Baixos (Holanda),"Sabões, agentes orgânicos de superfície, preparações para lavagem, preparações lubrificantes, ceras artificiais, ceras preparadas, produtos de conservação e limpeza, velas e artigos semelhantes, massas ou pastas para modelar, ""ceras"" para dentistas e Comp",4049944,8426405.0
Países Baixos (Holanda),"Sal; enxofre; terras e pedras; gesso, cal e cimento",26664737,33680950.0
Países Baixos (Holanda),"Sementes e frutos oleaginosos; grãos, sementes e frutos diversos; plantas industriais ou medicinais; palhas e forragens",511734610,520213990.0
Países Baixos (Holanda),Tabaco e seus sucedâneos manufaturados,33376668,61293561.0
Países Baixos (Holanda),"Tapetes e outros revestimentos para pisos (pavimentos), de matérias têxteis",68353,597866.0
Países Baixos (Holanda),Tecidos de malha,2511,2511.0
Países Baixos (Holanda),"Tecidos impregnados, revestidos, recobertos ou estratificados; artigos para usos técnicos de matérias têxteis",3131976,3735411.0
Países Baixos (Holanda),"Vestuário e seus acessórios, de malha",685984,895963.0
Países Baixos (Holanda),"Vestuário e seus acessórios, exceto de Malha",372978,920131.0
Países Baixos (Holanda),"Veículos automóveis, tratores, ciclos e outros veículos terrestres, suas partes e acessórios",77332054,107705763.0
Países Baixos (Holanda),"Veículos e material para vias férreas ou semelhantes, e suas partes; aparelhos mecânicos (incluindo os eletromecânicos) de sinalização para vias de comunicação",78576,123550.0
Países Baixos (Holanda),Vidro e suas obras,449151,481583.0
Países Baixos (Holanda),Óleos essenciais e resinóides; produtos de perfumaria ou de toucador preparados e preparações cosméticas,126139019,167925007.0
